venue,area,miles,beer,beer $,oz,beer source,beer date,mixed drink,mixed $,mixed source,mixed date,research notes
State Park,Kendall,0.53,Narragansett Lager (shorty draft),2,,http://places.singleplatform.com/state-park/menu,unknown,Daiquiri,9,http://places.singleplatform.com/state-park/menu,unknown,"The SinglePlatform menu is undated and may be stale. The same menu lists a Narragansett pint at $4 and a Genny Cream can at $3. An older AllMenus copy shows a Genny Cream at $3.50 and Campari & OJ at $7, so prices have moved over time. The current Toast menu is blocked by bot protection. A Cambridge Day review from Oct 2025 confirms it is open."
The Muddy Charles Pub,Kendall,0.28,Draft beer (cup),2,,https://www.corner.inc/place/145783,unknown,,,,,"MIT-affiliates only (MIT ID + 21+ gov ID; guests must be accompanied), cash only. Official site lists hours (Mon-Thu 3:30-9:30, Fri 12:30-9:30) but no prices. The $2 cup / $8 pitcher figure comes from third-party listings and reviews and is undated, so verify it. Beer and wine only, no mixed drinks."
Beacon Hill Pub,Downtown,1.16,Narragansett tallboy,3,16,https://www.boston-barhopper.com/boston-barhopper/2012/11/11/beacon-hill-pub,2012-11,,,,,"1.16 mi. Cash-only dive. Beer price is from a 2012 blog post and is very likely higher now. Only straight spirit prices were found (Jameson rocks $6.50, 2012)."
Flat Top Johnny's,Kendall,0.34,Pabst Blue Ribbon (can/bottle),3,,http://www.flattopjohnnys.com/drink,unknown,Paddy Tea (Paddy Beesting whiskey & iced tea),7,http://www.flattopjohnnys.com/drink,unknown,"Pool hall; reopened at 238 Main St in Jan 2024, so the menu dates from 2024 or later. Narragansett and Coors Light are also $3. Container size not stated. Same street address as Alice & Monarch (MIT building), so confirm both are still operating; the Yelp listing for 238 Main was not marked closed as of Aug 2026."
Sweet Cheeks Q,Fenway Longwood Brookline,1.14,Miller High Life pony,3,7,http://places.singleplatform.com/sweet-cheeks-q/menu,unknown,House cocktail (e.g. Dollywood),11,http://places.singleplatform.com/sweet-cheeks-q/menu,unknown,"CLOSING Nov 24, 2026. Prices from SinglePlatform listing that is likely several years old - treat as doubtful/understated. Pony bottles are 7oz. 16oz draft listed at $7."
Anchovies,Southend Copley,1.32,Narragansett tallboy,3.5,16,https://www.bostonglobe.com/lifestyle/food-dining/2019/04/02/always-want-eating-meatballs-anchovies/yhzzGBaJKU2KicD2kS4KpL/story.html,2019-04,Mixed drink (per customer review),12,https://p2bars.com/bars-near-me/anchovies/,unknown,"OLD and indirect sources: the $3.50 tallboy (and $5 Harpoon) is from a 2019 Boston Globe piece as summarized by search, so the current price is likely higher. The $12 mixed drink comes from a review quoted on an aggregator, with reviews dated 2023-24. Open as of Sept 2026 (Yelp). A classic cheap dive with famously big pours; a strong student pick, but the prices need checking. 1.32 mi."
Delux Cafe,South End,1.38,Miller High Life,4,,https://www.toasttab.com/local/order/delux-cafe-boston-100-chandler-st,unknown,"Nick & Nora (gin, sage, grapefruit, honey, lemon)",12,https://www.toasttab.com/local/order/delux-cafe-boston-100-chandler-st,unknown,"Prices are from Delux's Toast online-ordering menu as surfaced via the search index (Toast blocks direct fetching, so please verify in a browser). Coors Light also $4; Narragansett/Schlitz tall boys $5; cocktails and classics listed at $12. An older undated SinglePlatform menu showed a $10 cocktail but was not used. Classic South End dive."
backbar,Union Sq,1.42,Narragansett Lager (can),4,16,https://www.backbarunion.com/beer-wine,unknown,Pride menu cocktail (e.g. Heated Rivals),17,https://www.backbarunion.com/menu,2026-06,Prices read from menu images on the venue site. Cocktail menu is the 'June 2026 Pride' menu (all cocktails $17) and may have rotated since. Beer list undated; Moosehead and Sierra Nevada Pale Ale (12 oz) also $4. Separate 'half specials' page not used.
The Middle East,Central,0.51,16 oz beer,4.5,16,https://www.tripadvisor.com/ShowUserReviews-g60890-d553535-r662567462-The_Middle_East_Restaurant_and_Nightclub-Cambridge_Massachusetts.html,unknown,Well drink,7,https://www.tripadvisor.com/ShowUserReviews-g60890-d553535-r662567462-The_Middle_East_Restaurant_and_Nightclub-Cambridge_Massachusetts.html,unknown,"LIKELY OUTDATED: both prices come from a Tripadvisor review that appears to be from about 2019 (I couldn't open the page to confirm the date). The official restaurant menu lists no drink prices. Music venue complex including Upstairs, Downstairs, Corner, ZuZu and Sonia (10 Brookline St). Treat these prices as low-confidence. 0.51 mi."
The Sea Hag Restaurant & Bar,Harvard Square (east edge),1.46,Miller High Life,4.5,,https://seahag02138.com/menu,unknown,James Joyce,12,https://seahag02138.com/menu,unknown,"From the venue's online menu. Beer is listed under 'Snack Bar Drinks'; a Super Bock Mini (small ~200ml bottle) is $4, but High Life is the cheapest full-size beer. The James Joyce ($12) is listed under 'Brunch Drinks' with no recipe (classically Irish whiskey based); verify it's served outside brunch."
The Kenmore,Fenway,0.73,Miller High Life (can/bottle),4.95,,https://www.thekenmorebar.com/menus/,unknown,"Little Leaguer (Stoli Vanilla, triple sec, Fanta Orange) / The Undergrad",10.5,https://www.thekenmorebar.com/menus/,unknown,"Official menu page, undated but current website; Yelp shows activity through mid-2026. Occupies the former Lower Depths space (Lower Depths closed 2019). Narragansett $5.75, Coors Light draft $6. ~0.72 mi."
The Westland,Symphony,1.16,Miller High Life (bottle),4.95,,https://www.westlandboston.com/menus/,unknown,House cocktail (all cocktails $15),15,https://www.westlandboston.com/menus/,unknown,"From the venue's own menus page (undated, but lists Sam Adams Octoberfest as the seasonal so appears current). Cheapest draft is Michelob Ultra $7. All 14 cocktails are $15."
Bar 'Cino Brookline,Brookline (St. Mary's),1.18,Miller High Life (bottle),5,,https://www.barcino.com/brookline/brookline-menu,unknown,Pink Noise (gin cocktail),15,https://www.barcino.com/brookline/brookline-menu,unknown,From the 'Bar 'Cino Brookline Beverage Menu' widget embedded on the menu page (Yext script sites.yext.com/278350-menu.js); undated. Narragansett is also $5 (bottle) and Peroni draft is $6. All house cocktails are $15. The $8 weekend spritz special was excluded.
Brick & Mortar,Central,0.61,Miller High Life (bottle),5,12,https://www.brickmortarltd.com/menus/,unknown,Pink Beach Flip Flops (spritzer),16,https://www.brickmortarltd.com/menus/,unknown,"STATUS UNCERTAIN: Boston Magazine (Dec 2024) and Cambridge Day (Jan 2025) reported a rebrand to the Italian aperitivo bar 'Acqua & Bocca', expected mid-2025. The official site still shows the Brick & Mortar menu and I could not confirm whether the rebrand happened. The spritzer's ingredients weren't visible and it may be low-ABV; the cheapest spirit-forward cocktails are $17-18. Happy hour (3-6pm) has a $3 7-oz High Life pony and $10 cocktails, both excluded. 0.60 mi."
Five Horses Tavern - South End,South End,1.37,Miller High Life (bottle/can),5,,https://www.fivehorsestavern.com/south-end-menu/,unknown,"Orange Crush (vodka, triple sec, OJ, Sprite)",13,https://www.fivehorsestavern.com/south-end-menu/,unknown,"From the venue's own South End menu page (undated, fall cocktails listed so appears current). Budweiser also $5; cheapest draft is Narragansett or Coors Light $7 (16oz). Pickle Rick (tequila) also $13."
Little Donkey,Central,0.55,Modelito Mexican Lager (bottle),5,7,http://www.littledonkeycambridge.com/menu,2026-10,Snaquiri (mini classic daiquiri),8,http://www.littledonkeycambridge.com/menu,2026-10,"Live official menu, undated (accessed 2026-10; it lists Von Trapp Oktoberfest, so it looks current). The Modelito size isn't printed; 7 oz is the standard Modelito bottle. The $8 drink is a regular-menu 'mini' (smaller pour), not a happy-hour price. The cheapest full-size cocktail is $18 (low-ABV Aperol 'Ciao, Bella!' is $12). Miller High Life and Labatt Blue are $6. 0.55 mi."
Loretta's Last Call,Fenway,0.82,Pabst Blue Ribbon (can),5,,https://www.lorettaslastcall.com/menus,unknown,Honey Bee (cocktail),14,https://www.lorettaslastcall.com/menus,unknown,"Coors Light and Narragansett drafts $6. Boilermakers (beer plus whiskey shot) $12. No well drinks listed. Open per Yelp, June 2026. ~0.82 mi."
Naco Taco,Central,0.33,Modelo Especial (can/bottle),5,12,https://media-cdn.getbento.com/accounts/2ac88402edb3feed471982e0cbc35b61/media/0VB2zRicQxCQghtJvnby_Naco%20Dine%20In%20Version%207.28.21.pdf,2021-07,Margarita de la Casa,10,https://media-cdn.getbento.com/accounts/2ac88402edb3feed471982e0cbc35b61/media/0VB2zRicQxCQghtJvnby_Naco%20Dine%20In%20Version%207.28.21.pdf,2021-07,"OLD SOURCE: July 2021 dine-in menu PDF, so prices have probably gone up. Several cans were $5 (Corona, Tecate, Narragansett, Dos Equis). Micheladas were $6, but those are beer drinks. Yelp shows the restaurant still open in 2026. Close to MIT (0.32 mi), so it may overlap with the Kendall/MIT agent."
Olé Mexican Grill,Inman Sq,1.09,Negra Modelo (draft),5,,https://olerestaurantgroup.com/cocktails,2019-04,"Paloma (grapefruit tequila, orange liqueur, lemon, soda)",11,https://olerestaurantgroup.com/cocktails,2019-04,"Prices read from the menu image on Olé's cocktails page (image file named Menu2019, uploaded Apr 2019), so likely outdated. Modelo Especial draft and all bottles also $5; Mojito, Moscow Mule, Old Fashioned and Tamarind Mezca-Rita also $11."
Pammy's,Mid-Cambridge,1.03,Miller High Life (bottle/can),5,12,https://www.pammyscambridge.com/,unknown,Negroni (draft aperitivo),15,https://www.pammyscambridge.com/,unknown,"Prices from the sample drink menu on Pammy's homepage (undated, 'subject to change'). Signature cocktails are $15-17; Fond Farewell is also $15. Pammy's adds a 6% fee to all checks. Upscale spot."
Sunset Cantina,BU West / Comm Ave,1.33,Pabst Blue Ribbon (draft),5,,https://bostonsunsetcantina.com/wp-content/uploads/2026/09/DRINKS-MENU-SUNSET-SEP21-2026.pdf,2026-09,La Cantina house margarita,12,https://bostonsunsetcantina.com/wp-content/uploads/2026/09/DRINKS-MENU-SUNSET-SEP21-2026.pdf,2026-09,"From the venue's drinks PDF dated Sep 21, 2026. PBR is in the menu's Lagers section, apparently draft (no pour size given). Cheapest bottle/can is $7. The $5 Taco Tuesday margarita special was excluded."
Tasty Burger Fenway,Fenway,1.03,PBR (19.2oz tallboy can),5,19.2,https://www.tastyburger.com/menu/menu/,unknown,,,,,"Uses Tasty Burger's chain-wide menu page (undated), which says drafts vary by location; the $5 tallboys (PBR, High Life, Narragansett, Bud, Bud Light) are presumably the same at every location. Beer and wine only, so no mixed drinks. Moved from 1301 Boylston to Van Ness St in 2022; coordinates are approximate for 86 Van Ness St."
The Bebop,Back Bay,0.89,House Lager by Yuengling Flight (draft); PBR / Narragansett Lager cans also $5,5,,https://www.thebebopboston.com/menu,unknown,Sarti Spritz,12,https://www.thebebopboston.com/menu,unknown,"From the official online menu, checked 2026-10. The menu lists Sam Oktoberfest and Pumpkinhead, so it looks current for fall. Pour sizes not stated. The Mai Tai ($13) is the cheapest spirit-forward cocktail if a spritz doesn't count. Live music nightly. About 0.90 mi."
The Citizen Public House & Oyster Bar,Fenway,1.05,Narragansett,5,,https://www.thecitizenboston.com/menus/,unknown,Riptide Mule,14,https://www.thecitizenboston.com/menu/drink/,unknown,"Prices from The Citizen's own Boston site (beer list on /menus/, cocktails on /menu/drink/); undated. Coors Banquet and Miller High Life also $5 (serving not stated). Ideal Manhattan and Strawberry Slam also $14; a $9 Jell-o shot was ignored. Note citizenpublichouse.com is an unrelated Arizona restaurant."
The Independent,Union Sq,1.43,Miller High Life (bottle),5,,https://theindo.com/wp-content/uploads/2026/06/Final-Dinner-Bev-6.19.26.pdf,2026-06,"Classic Irish Coffee (Irish whiskey, coffee, demerara, cream)",13,https://theindo.com/wp-content/uploads/2026/06/Final-Dinner-Bev-6.19.26.pdf,2026-06,Dinner/beverage PDF dated 6.19.26. Narragansett Lager also $5. Cheapest spirit-based drink is the $13 Irish Coffee (iced version same price); regular cocktails are $14.
The Jungle,Union Sq,1.44,Miller High Life (bottle),5,,https://www.toasttab.com/local/order/the-jungle/r-27f09256-b73f-4dbb-8f2a-c2e26007ce5f,unknown,Signature cocktail (e.g. Ziggy Stardust),14,https://www.toasttab.com/local/order/the-jungle/r-27f09256-b73f-4dbb-8f2a-c2e26007ce5f,unknown,"Prices come from search-indexed content of the venue's Toast ordering page; the page itself returned 403 to direct fetch, so VERIFY before publishing. PBR tap $7; $14 cocktails (Ziggy Stardust, Mezcal of Puppets, All the Stars). Music venue with bar."
Trina's Starlite Lounge,Inman Sq,1.14,Coors Banquet (bottle/can),5,,https://trinastarlite.com/drinks/,unknown,"Raspberry Fizz (vodka, lime, soda)",13,https://trinastarlite.com/drinks/,unknown,Prices from the venue's own drinks page (undated). Miller Lite is also $5; all 'Starlite Classics' cocktails are $13 (Green Goblin is market price).
Vera's,Union Sq,1.44,Miller High Life (bottle),5,12,https://verasunionsquare.com/wp-content/uploads/2026/10/VERAS-MENU-10.1.26.pdf,2026-10,House cocktail (e.g. Espresso Martini),13,https://verasunionsquare.com/wp-content/uploads/2026/10/VERAS-MENU-10.1.26.pdf,2026-10,Menu PDF dated 10.1.26. Packaged beer is 12 oz unless noted; Narragansett 16 oz is $6. All house cocktails $13 (sangria at $13 excluded).
Tall Order,Harvard Inman,1.3,Miller Lite (Coors Banquet same price),5.15,,https://tallorderbar.com/drink-menu,unknown,"Little Panda (low-ABV: fino sherry, dry vermouth, Rhum J.M., lime)",14.42,https://tallorderbar.com/drink-menu,unknown,Replaced Thirsty Scholar Pub and opened March 2025. Menu prices appear to include a ~3% surcharge (base $5; the Boston Globe cited $5 Miller Lite in 2025-05). Full-strength cocktails are $15.45. In Somerville near Inman; possible overlap with the Somerville agent.
Bukowski Tavern,Back Bay,0.96,Narragansett Lager (16 oz can),5.5,16,https://qrco.de/bbaK5S,unknown,,,,,"Beer and wine/cider only, no liquor, so no mixed drink. Prices are from the bottle/can menu PDF linked on the official site (bukowski-tavern.com/menu), checked 2026-10; the PDF itself is undated. Coors Light, Miller High Life, Miller Lite and Yuengling 12 oz are also $5.50. Draft list rotates daily with no prices online. Cash or Visa/MC only. About 0.97 mi from MIT, right at the 1-mile edge."
Clery's,South End / Back Bay,1.29,Clerys Lager (draft),5.5,16,https://www.clerysboston.com/menu/drink-menu/,unknown,Black Hearted Mule,15,https://www.clerysboston.com/menu/drink-menu/,unknown,Venue's own drink menu (undated). House Clerys Lager $5.50/16oz draft ($7.50/22oz); Narragansett can $6. All specialty cocktails are $15; no well-drink prices listed.
Koreana,Central,0.77,Bud Light / Budweiser (bottle),5.5,12,https://koreanaboston.com/menu/drinks/,unknown,"Soju cocktail (e.g., Soju Martini / Green Boston)",12.5,https://koreanaboston.com/menu/drinks/,unknown,"Undated official drinks menu. The cheapest mixed drink uses soju, a low-proof spirit; the menu does not clearly list standard liquor cocktails. Korean BBQ restaurant. 0.77 mi."
India Quality Restaurant,Fenway,0.74,Heineken / Corona / Harpoon IPA / Singha (regular bottle),5.95,12,https://indiaquality.com/drink-menu,unknown,,,,,"Beer and wine only, so no mixed drinks. 'Regular' size assumed to be a standard 12oz bottle; large bottles cost more. Open per Yelp, Sept 2026. ~0.72 mi."
"730 Tavern, Kitchen & Patio",Central,0.76,Coors Light (bottle),6,12,https://730tavern.com/cambridge-central-square-730-tavern-kitchen-and-patio-drink-menu,2026-10,Mojito,13,https://730tavern.com/cambridge-central-square-730-tavern-kitchen-and-patio-drink-menu,2026-10,"Live official menu, undated (accessed 2026-10). Also $6: Sam Adams, Narragansett, Busch Light, PBR can, Corona, and regular drafts of Bud Light, Michelob Ultra and Kona (draft pour sizes not stated). Blue Line cocktail is also $13. 0.76 mi."
Areca Asian Bar,East Cambridge,1.01,Sapporo (bottle),6,,https://www.arecabar.com/_files/ugd/58e41c_e875d3d507ac42b4847541fd8587c0fb.pdf,2026-06,Midnight Margarita,14,https://www.arecabar.com/_files/ugd/58e41c_e875d3d507ac42b4847541fd8587c0fb.pdf,2026-06,"Menu PDF from the venue's site, titled 'Wix upload menu (06/16.26)'. Sapporo is listed '$6/$11' (two sizes); Asahi, Heineken, Sam Adams and Tsingtao are also $6. In the PDF layout the $14 price sits between Le Blue Special and Midnight Margarita; matching by order gives Midnight Margarita, but verify. The venue is only about 1.01 mi away, at the inner edge of the ring."
C-Side Bar,East Cambridge (CambridgeSide),1.09,Miller High Life (bottle),6,,https://www.csidebar.com/,unknown,Berry-Necessary,15,https://www.csidebar.com/,unknown,Bar inside the CanalSide food hall at CambridgeSide mall. Prices are from the bar's own site (undated). Sangria is also $15 but was excluded because it is wine-based. Cheapest draft is Zero Gravity Green State Lager at $8.
Oak Bistro,Inman Sq,1.04,Miller High Life (bottle),6,,https://www.oakbistrorestaurant.com/menu/drinks/,unknown,Signature cocktail (e.g. Prima Materia),17,https://www.oakbistrorestaurant.com/menu/drinks/,unknown,"Venue drinks page, undated but lists an Oktoberfest draft so appears current. All signature cocktails $17; two spritzers listed at $16 but their base (wine vs spirit) wasn't confirmed, so not used."
Roxy's Arcade (formerly A4cade),Central,0.34,Miller High Life (bottle/can),6,,https://roxysarcade.com/menus/games-52b5l,unknown,Madeline Vs Badeline (vodka cocktail; all cocktails $13),13,https://roxysarcade.com/menus/games-52b5l,unknown,"Prices read from menu images on the official site (photo filenames say 'april cocktails'; year unknown, likely 2025-2026). 21+ arcade bar behind Roxy's Grilled Cheese. Fun shots are $5 and High Life + whiskey combo is $13. Draft Night Shift Nite Lite is $8. 0.33 mi, so it may overlap with the Kendall/MIT agent."
Shy Bird Fenway,Fenway / Longwood edge,1.07,Modelo Especial (bottle/can),6,,https://media-cdn.getbento.com/accounts/f27f750a2ca06a82a2d1d3bf42867187/media/jlIILoopQgWwJH65szmG_SBF%20Beverage%20Menu%202025.pdf,2025,"Shy Lady (gin, hibiscus, lime, tonic)",15,https://media-cdn.getbento.com/accounts/f27f750a2ca06a82a2d1d3bf42867187/media/jlIILoopQgWwJH65szmG_SBF%20Beverage%20Menu%202025.pdf,2025,"From the 'SBF Beverage Menu 2025' PDF linked on shybird.com/fenway-menus. This is a different venue from Shy Bird Kendall, which is already in the app. Cheapest draft is $9 (Castle Island Light Lager). Several cocktails are $15; the Sangria Spritz ($14) is wine/aperitivo-based and was excluded."
Shy Bird Kendall Square,Kendall,0.71,Modelo Especial (bottle/can),6,,https://media-cdn.getbento.com/accounts/f27f750a2ca06a82a2d1d3bf42867187/media/IEddQMS6RQeNj3toGa7A_SBK%20Beverage%20Menu%202026.pdf,2026-06,"Shy Lady (gin, hibiscus, lime, tonic)",15,https://media-cdn.getbento.com/accounts/f27f750a2ca06a82a2d1d3bf42867187/media/IEddQMS6RQeNj3toGa7A_SBK%20Beverage%20Menu%202026.pdf,2026-06,"Source is the 2026 beverage menu PDF (summer 2026). In the PDF text, prices and drink names did not line up one-to-one, so the cocktail price is inferred. Spirit cocktails appear to start at $15; the one $14 item looks like the Sangria Spritz, which is wine-based. Cheapest draft is $9. The '$3.50 small beer' is a Shy Hour (happy hour) price and is excluded."
Tap 151 Bar and Grill,Cambridge Crossing,1.28,Bud Light (draft),6,16,https://www.tap151.com/cambridge-tap-151-bar-and-grill-food-menu,unknown,Nitro Draft Margarita,14,https://www.tap151.com/cambridge-tap-151-bar-and-grill-food-menu,unknown,"Prices from the venue's own online menu (undated). Several 16oz drafts tie at $6 (Bud Light, Coors Light, Michelob Ultra, Kona Big Wave); Narragansett 16oz can and Miller High Life 12oz are also $6. Several cocktails tie at $14 (Nitro Draft Margarita, Rusty Old Fashioned, Caipirinha, etc.)."
The Bar at Eastern Edge (Eastern Edge Food Hall),Kendall,0.38,Modelo / Miller High Life / Amstel Light / Michelob Ultra (package),6,12,https://www.easternedgefoodhall.com/s/MIT_EE_Bar-Menu_Web-Version.pdf,2026-06,Yuzu and Black Tea Highball (Gorae soju),13,https://www.easternedgefoodhall.com/s/MIT_EE_Bar-Menu_Web-Version.pdf,2026-06,"Food hall opened Feb 13, 2026; accepts MIT TechCASH. The menu labels packaged beer as 12oz. The cheapest highball is soju-based; the cheapest drink with vodka or gin is the Charles River Spritz at $14. An Aperol Spritz is $13 but is wine-based. A Sun Cruiser vodka iced tea can is $7 (ready-to-drink). Bacaro Cafe & Bar, a second bar inside, is not covered separately."
The Corner Tavern,Back Bay,0.68,Miller High Life (bottle),6,12,https://www.thecornerboston.com/,unknown,"House cocktails (e.g. Espadin Paloma, Strawberry Bee's Knees)",16.5,https://www.thecornerboston.com/,unknown,"Official site menu, checked 2026-10. It lists fall beers, so it looks current. All cocktails are $16.50 and no well drinks are listed. A Narragansett 16 oz is $7. Located at Mass Ave and Marlborough. About 0.66 mi, the closest venue in this area."
The Hill Tavern,Beacon Hill,1.37,Bud Light (bottle),6,,https://thehilltavernboston.com/drink-menu/,unknown,House Margarita,12,https://thehilltavernboston.com/drink-menu/,unknown,"Prices from the venue's own drink menu page (undated). Several domestic bottles tie at $6 (Bud, Miller Lite, Coors Light, Narragansett, etc.); $12 margaritas/Grapefruit Martini are the cheapest cocktails ($7 Green Monster is a shot, excluded)."
The Lexington,Cambridge Crossing,1.28,Von Trapp Pilsner (can),6,12,https://drive.google.com/file/d/1UeYnu33iCMASHqrTMm3h4DZZV1DU9dwa/view,2026-07,Mr. Owl (whiskey cocktail),15,https://drive.google.com/file/d/1UeYnu33iCMASHqrTMm3h4DZZV1DU9dwa/view,2026-07,"Drink menu PDF linked from the restaurant's site (file titled 'LX Drink Menu 2026-07-07 CURRENT', menu printed 06.25.2026). Prices were matched to items by order from PDF text extraction; other house cocktails are $16. Geppetto (same building) omitted because its online menus list no cocktails or beer."
The Phoenix Landing,Central,0.55,Coors Light (bottle),6,12,https://www.thephoenixlanding.com/menu/beer,2026-10,"Afterlight (gin, elderflower, cassia, lemon, soda)",13,https://www.thephoenixlanding.com/menu/drinks,2026-10,"Live official menus, undated (accessed 2026-10). Miller High Life bottle also $6; cheapest draft is Miller Lite at $7, pour size not stated. No well-drink price listed. 0.55 mi."
Vialé,Central,0.54,Miller High Life (bottle/can),6,,https://www.vialecambridge.com/beer-cocktails,2026-10,Vialé Draft Negroni (all cocktails $16),16,https://www.vialecambridge.com/beer-cocktails,2026-10,"Live official menu, undated (accessed 2026-10; it lists an autumn 'Hoodie Weather' cocktail). Narragansett and Hero 95 are also $6. 0.54 mi."
Gyu-Kaku Japanese BBQ (Brookline),Brookline (St. Mary's / BU edge),1.12,Kirin Ichiban (draft mug),6.5,12,https://www.gyu-kaku.com/wp-content/uploads/2026/01/bos_sob_drink2512.pdf,2026-01,Lychee Gin Mojito,12,https://www.gyu-kaku.com/wp-content/uploads/2026/01/bos_sob_drink2512.pdf,2026-01,"From the drink menu PDF linked on the Brookline location page (uploaded Jan 2026). Several signature cocktails are $12 (Tokyo Iced Tea, Coco-Mo, Mango Tango). Happy-hour prices (Mon-Thu) excluded. The PDF footer says pricing may vary by location."
Mr. Bartley's Burger Cottage,Harvard Square (east edge),1.48,Coors Light (bottle),6.5,,https://www.mrbartley.com/menu,unknown,Vodka Soda,10,https://www.mrbartley.com/menu,unknown,"From the restaurant's online menu (current; it has 2025-26 topical burger names). Corona bottle is also $6.50; Vodka OJ and Spiked Apple Cider are also $10. Classic Harvard Square burger joint, got its liquor license in 2023."
Back Bay Social,Back Bay,0.9,Coors Light (16 oz draft),7,16,https://www.backbaysocial.com/menus/,unknown,El Patron Frozen Margarita,14,https://www.backbaysocial.com/menus/,unknown,"Official menu, checked 2026-10. It states drafts are 16 oz. Bud Light and Miller High Life bottles are also $7. The $6 Jello Shots on the brunch menu were left out because they're shots. Moscow Mule is $15. About 0.91 mi."
Cask 'n Flagon,Fenway,0.85,Budweiser / Bud Light / Coors Light / Miller Lite (bottle),7,12,https://casknflagon.com/wp-content/uploads/2025/07/2025-Cocktail-Menu.pdf,2025-07,Cask Rum Punch,15,https://casknflagon.com/wp-content/uploads/2025/07/2025-Cocktail-Menu.pdf,2025-07,"2025 summer menu. In the PDF text, the single $15 price lines up with Cask Rum Punch (the first cocktail listed), but the layout makes this slightly uncertain. All other cocktails are $16-17. Drafts start at $8 (Coors Light, Miller Lite). ~0.85 mi."
Daedalus,Harvard Square (east edge),1.45,Coors Light (bottle),7,12,https://www.daedalusrestaurantcambridge.com/,unknown,Sparkling Paloma (tequila),15,https://www.daedalusrestaurantcambridge.com/,unknown,"Menu is on the homepage (undated but current-looking, with Shipyard Pumpkin seasonal on draft). Cheapest draft is Narragansett Lager at $8. Other cocktails are $16-17."
Dani's Queer Bar,Back Bay,0.86,Miller High Life (can),7,12,https://www.danisqueerbar.com/menu?menu=drink-menu,unknown,Frozen-Tini,15,https://www.danisqueerbar.com/menu?menu=drink-menu,unknown,"From the official drink menu, checked 2026-10. It includes fall seasonals, so it's probably current. Coors Light draft, Corona and Modelo cans are also $7. Signature cocktails are $16. Opened 2024 in part of the former Pour House space (some sources say 907 Boylston). The $5 weekly shot special is a shot, so it wasn't counted. About 0.88 mi."
Davio's Northern Italian Steakhouse,Park Square,1.32,Bud Light (bottle),7,,https://davios.com/sites/default/files/downloads/Online%20Beverage%20List%20September%2023%202026%20Boston.pdf,2026-09,Bos-hattan,20,https://davios.com/sites/default/files/downloads/Online%20Beverage%20List%20September%2023%202026%20Boston.pdf,2026-09,"From the venue's beverage list PDF dated Sept 23, 2026. All bottled beers $7, drafts $8; all cocktails are $20 (Bos-hattan is one of the 'Bevande Classiche'). Pricey steakhouse."
Hojoko,Fenway,0.97,Bud Light (can),7,,https://www.hojokoboston.com/menu/beer/,unknown,Subtle Beauty Highball (regular cocktails $17),17,https://www.hojokoboston.com/menu/cocktails-copy/,unknown,"Cheapest 16oz draft: Allagash White $8. 'Bombs Away' drinks are $12 (e.g. tequila and pineapple shrub soda), but they are shot-style bombs, so not used. ~0.97 mi, close to the cutoff."
LUCIE Drink + Dine,Back Bay,1.12,Jack's Abby Lucie's Lager (draft),7,,https://d207hr1s2gcif8.cloudfront.net/luciebackbay.com-1031950022/cms/pressroom/luciedrinkbook_5426_1.pdf,unknown,Daiquiri,16,https://d207hr1s2gcif8.cloudfront.net/luciebackbay.com-1031950022/cms/pressroom/luciedrinkbook_5426_1.pdf,unknown,"From the 'Bar Menu' drink book PDF linked on the venue's site (undated). Several cocktails tie at $16 (Daiquiri, Paper Plane, Sazerac, Peachy Keen). Located at the Colonnade Hotel."
La Fabrica Central,Central,0.5,Bud Light (bottle),7,12,http://places.singleplatform.com/la-fabrica-central/menu,unknown,Watermelon Mule,14,http://places.singleplatform.com/la-fabrica-central/menu,unknown,Undated SinglePlatform menu. All bottled beers are listed at $7. Punta Cana and Yo No Se Mañana are also $14. Latin restaurant/lounge. 0.50 mi.
Taberna de Haro,Brookline (St. Mary's),1.16,Estrella Lager (bottle),7,,http://places.singleplatform.com/taberna-de-haro/menu,unknown,Gin Tonic Prémio,15,http://places.singleplatform.com/taberna-de-haro/menu,unknown,"Prices from SinglePlatform; undated, and there was a recent ownership change, so please verify. Estrella is the only beer listed. All signature cocktails and gin tonics are $15; sherry-based dessert cocktails at $14 were excluded because they are not spirit-based."
The Paramount (Beacon Hill),Beacon Hill,1.2,Sam Adams Boston Lager (bottle),7,12,https://www.paramountboston.com/menu/beacon-hill-drinks/,unknown,Margarita de la Casa,14,https://www.paramountboston.com/menu/beacon-hill-drinks/,unknown,"From the venue's own Beacon Hill drinks page (undated). Several 12oz bottles/cans tie at $7; all cocktails are $14 (Negroni, Manhattan etc. same price). Cafe-style; bar service mainly at dinner."
Legal Sea Foods - Copley Place,Back Bay / Copley,1.14,Bud Light (bottle),7.5,,https://www.legalseafoods.com/wp-content/uploads/2026/06/Bev-Menu-Copley-June26.pdf,2026-06,Bourbon Peach Tea Palmer,12,https://www.legalseafoods.com/wp-content/uploads/2026/06/Bev-Menu-Copley-June26.pdf,2026-06,"From the location's beverage menu PDF (June 2026). Budweiser/Coors Light also $7.50; Cranberry Coast Cosmo also $12. Happy hour menu (3-6pm weekdays) excluded. Inside Copley Place mall, 2nd floor."
Legal Sea Foods - Kendall Square,Kendall,0.48,Budweiser / Bud Light (bottle),7.5,12,https://www.legalseafoods.com/wp-content/uploads/2026/06/Bev-Menu-Kendall-June26.pdf,2026-06,"Cranberry Coast Cosmo (also Bourbon Peach Tea Palmer, same price)",12,https://www.legalseafoods.com/wp-content/uploads/2026/06/Bev-Menu-Kendall-June26.pdf,2026-06,"Kendall-specific beverage menu, June 2026. Coors Light is also $7.50. The cheapest draft is Michelob Ultra at $8 for 16oz. 12oz is assumed for a standard bottle. Happy hour runs 2-6 daily and was excluded."
Legal Sea Foods - Park Square,Park Square,1.31,Bud Light (bottle),7.5,,https://www.legalseafoods.com/wp-content/uploads/2026/06/Bev-Menu-Park-June26.pdf,2026-06,Bourbon Peach Tea Palmer,12,https://www.legalseafoods.com/wp-content/uploads/2026/06/Bev-Menu-Park-June26.pdf,2026-06,"From the location's beverage menu PDF (June 2026). Budweiser/Coors Light/Michelob Ultra also $7.50. Happy hour (2-6pm daily) excluded. At The Heritage on the Garden, corner of Arlington St."
The Cheesecake Factory - Cambridge,East Cambridge (CambridgeSide),1.04,Bud Light (bottle),7.5,,https://menu.thecheesecakefactory.com/ma/cambridge-23/from-the-bar/,2026-10,Bloody Mary,14.95,https://menu.thecheesecakefactory.com/ma/cambridge-23/from-the-bar/,2026-10,"From the chain's location-specific Cambridge menu, viewed October 2026. Domestic bottles (Bud Light, Coors Light, Miller Lite, Michelob Ultra) are $7.50. The Bloody Mary is on the 'All Day Morning Cocktails' list; the cheapest specialty cocktails are $16.25. Happy hour (weekdays 4-6pm, bar only) was excluded."
Earls Kitchen + Bar (Prudential),Back Bay,0.98,Miller High Life (bottle),7.75,12,https://earls.ca/locations/prudential/menu/,unknown,Colada Crush,12,https://earls.ca/locations/prudential/menu/,unknown,"Official location menu, checked 2026-10. Michelob Ultra bottles are also $7.75. The menu also lists a 'Tiny Tini' mini espresso martini ($7) and a mini margarita shot ($5); these weren't used because they're mini or shot-size. Happy hour is Mon-Fri 3-6pm and Sun-Thu 9pm-close (lounge/patio only), so these regular prices may be lower then. About 0.98 mi, right at the 1-mile edge."
Sol Azteca,Audubon Circle / BU edge,1.09,Corona (bottle),7.75,,https://solaztecaboston.com/menu,unknown,Fresh Tito,13.75,https://solaztecaboston.com/menu,unknown,From the restaurant's own online menu (undated). All beers are a flat $7.75; cheapest margarita is the Azteca at $14.25. Near St. Mary's St / Audubon Circle on the Brookline line.
Abe & Louie's,Back Bay,0.94,Jack's Abby House Lager (draft),8,,https://restaurantguru.com/Abe-and-Louies-Boston/menu,unknown,,,,,"Steakhouse. The beer price comes from an owner-uploaded menu on RestaurantGuru that is about 4 years old (around 2022), so it's likely out of date and probably higher now. The official site has no drink prices and no cocktail price was found. About 0.94 mi."
Bambara Kitchen & Bar,East Cambridge (Lechmere Canal),1.13,Bud Light (can/bottle),8,,http://places.singleplatform.com/bambara-restaurant/menu,unknown,Espresso Martini,16,http://places.singleplatform.com/bambara-restaurant/menu,unknown,"Prices are from SinglePlatform (undated) because the venue's own beverage page did not render. The SinglePlatform cocktail list is short and may be the brunch list; the Bloody Mary is also $16, and Mimosa/Aperol Spritz were excluded as wine-based. A search snippet mentioned a $15 Espresso Stoutini that I could not verify. Please check the in-house menu."
Bill's Bar,Fenway,0.82,Modelo (draft),8,,https://www.billsbarboston.com/menus/,unknown,,,,,"Cocktails listed without prices. Bottle/can prices not listed, so domestic bottles may be cheaper than $8. Mainly a music venue with a bar. ~0.82 mi."
Cisco Brewers Fenway,Fenway,1.03,Shark Tracker Light Lager (draft),8,,https://ciscobrewersfenway.squarespace.com/drinkmenu,unknown,Blue Haired Lady,12,https://ciscobrewersfenway.squarespace.com/drinkmenu,unknown,"From the venue's own drinks page (undated). All drafts are $8 and no pour size is listed. Canned vodka and tequila sodas cost $10, but they are ready-to-drink cans, so the cheapest made cocktail ($12) is used instead. Beer garden opened in April 2025."
Club Café,Bay Village / Back Bay,1.31,Dorchester Brewing Daddy Light,8,16,https://www.clubcafe.com/menus/drink-menu.pdf,2026-06,Berrylicious,11,https://www.clubcafe.com/menus/drink-menu.pdf,2026-06,"From the venue's drink-menu PDF (server last-modified June 2026). $8 beer tier also includes Night Shift Nite Lite (16oz stated only for the Dorchester beer; can vs draft not clear). Berrylicious = Absolut Wild Berry, lemon, agave, soda."
D16,Back Bay,0.86,Corona Extra (bottle),8,12,https://www.d16boston.com/menu/beer/,unknown,Grand Stretch In The Evening / The Barwick / City Watch (cocktails),18,https://www.d16boston.com/menu/cocktails/,unknown,"Speakeasy-style cocktail bar in the old Division 16 police station (former Dillon's space), opened Nov 2024. Modelo and Kona drafts are also $8. Press mentioned a $7 'VIP' feature cocktail, but the current menu doesn't list it, so it was left out as a possible special. Checked 2026-10. About 0.89 mi."
Dalí Restaurant & Tapas Bar,Inman Sq / Washington St,1.49,Harpoon IPA (draft),8,,https://dalirestaurant.com/wineliquor/beer/,unknown,Margarita (all cocktails same price),14,https://dalirestaurant.com/wineliquor/cocktails/,unknown,"Venue's own beer and cocktail pages (undated). All cocktails $14; Stella, Estrella Galicia and Modelo Negra also $8. Distance (~1.49 mi) is right at the 1.5 mi edge; double-check geocode."
Element 50 (Boston Marriott Cambridge),Kendall,0.48,Budweiser / Bud Light / Coors Light / Michelob Ultra,8,,https://www.marriott.com/content/dam/marriott-digital/mc/us-canada/hws/b/boscb/en_us/document/assets/mc-boscb-element-50-menu-fall-18510.pdf,unknown,"New England Mule (Absolut, Grand Marnier, maple walnut, ginger beer)",20,https://www.marriott.com/content/dam/marriott-digital/mc/us-canada/hws/b/boscb/en_us/document/assets/mc-boscb-element-50-menu-fall-18510.pdf,unknown,"Second-floor hotel speakeasy, open daily 5-11pm. The PDF is labeled 'fall' with no year; it is the menu currently linked from Marriott's dining page. An older Element 50 menu found via search listed cocktails at $18-19. Champions, the former sports bar in this hotel, is closed."
Grill 23 & Bar,Back Bay,1.28,Budweiser (bottle),8,12,https://www.grill23.com/s/Wine-List-100326-WEB-VERSION.pdf,2026-10,Steel Magnolia,18,https://www.grill23.com/s/Wine-List-100326-WEB-VERSION.pdf,2026-10,"From the venue's beverage/wine list PDF (filename dated 10/03/26). Allagash White, Cisco, Stella etc. bottles also $8; Death & Taxes also $18. High-end steakhouse."
Monteverdi,East Cambridge (Charles riverfront),1.07,Coors Light (bottle),8,,https://www.monteverdirestaurant.com/wp-content/uploads/MV-Menu_Beverage-030126.pdf,2026-03,Monteverdi Mule,17,https://www.monteverdirestaurant.com/wp-content/uploads/MV-Menu_Beverage-030126.pdf,2026-03,"Beverage PDF from the restaurant's site; the filename is dated 03/01/26. Several cocktails tie at $17 (Matcha Mirage, Jam Session, Big Trouble Little Tiki). Inside the Royal Sonesta, which also has Scull & Keel; check that both are operating."
Over the Charles Rooftop Bar (DoubleTree Suites),Allston Buwest,1.27,Banner City Light Lager (can),8,,https://restaurantguru.com/Over-the-Charles-Rooftop-Bar-Boston-2/menu,unknown,Berry Amused (cocktail),16,https://restaurantguru.com/Over-the-Charles-Rooftop-Bar-Boston-2/menu,unknown,"Seasonal 16th-floor rooftop (about June-Oct), so it may be closing for the season around now; 1.27 mi. Prices come from a user-posted menu on RestaurantGuru (owner menu labeled '2025 OTC Menu') and may have changed. Can size isn't stated."
Pagu,Central,0.36,Estrella Galicia Lager,8,12,https://cdn.shopify.com/s/files/1/0569/3849/6069/files/6.1.26_dinner.pdf?v=1780933265,2026-06,"Lei It On Me (gin, guava, lime, hibiscus, tonic)",14,https://cdn.shopify.com/s/files/1/0569/3849/6069/files/6.1.26_dinner.pdf?v=1780933265,2026-06,"Menu PDF dated 6.1.26. 0.36 mi, so it may overlap with the Kendall/MIT agent."
Paperback Tavern (Hyatt Regency Boston/Cambridge),Kendall,0.74,"Domestic beer (e.g., Bud Light, Miller Lite, Sam Adams Lager)",8,,https://www.paperbacktavern.com/,2026-10,Nevermore (Paloma variation) / Bartender's Pick,15,https://www.paperbacktavern.com/,2026-10,"Hotel restaurant and bar on the river, about 0.75 mi from 77 Mass Ave. Prices read from the live site in Oct 2026; menu undated."
Petit Robert Bistro,South End,1.36,Miller High Life (can),8,,https://www.petitrobertbistro.com/s/NEW-COCKTAILS-MAY-2026.pdf,2026-05,"Le Verger (vodka, elderflower, pear)",15,https://www.petitrobertbistro.com/s/MAY-COCKTAILS-2026.pdf,2026-05,"From the bistro's own May 2026 drink PDFs. The two PDFs differ slightly (High Life $8 vs $8.50; Heineken $8 on the other), so verify. Happy hour ($6 beers/$11 cocktails, Mon-Thu 3-6) excluded."
Scull & Keel,East Cambridge (Charles riverfront),1.07,Bud Light (bottle/can),8,,https://artbarcambridge.com/,unknown,Sunset Heatwave Margarita,14,https://artbarcambridge.com/,unknown,"Fish house and bar in the Royal Sonesta that replaced ArtBar (it still uses the artbarcambridge.com domain). Prices are from the live site's Beverages & Cocktails tab (undated). The $8 is a 'Domestic Bottle/Can' price that covers Budweiser, Bud Light and Coors Light. The Harbor Barrel Old Fashioned, Shoreline Spritz and Day Break are also $14."
Scullers Jazz Club,Allston Buwest,1.26,Bud Light (bottle),8,12,https://qrco.de/bcR5ln,2026-10,"House cocktails (French 75, Lemon Drop, Sidecar, Old Fashioned, Espresso Martini)",18,https://qrco.de/bcR5ln,2026-10,Jazz club in the DoubleTree; usually needs a show ticket; 1.27 mi. Prices come from its live-updating menu PDF linked from scullersjazz.com/our-menu (dated Oct 2026). Heineken 0.0 is also $8 but non-alcoholic. The menu lists no cheaper well drink.
The Lansdowne Pub,Fenway,0.82,Sam Adams Local Legends or Modelo (draft),8,,https://www.lansdownepubboston.com/menus/,unknown,,,,,The $8 price comes from a search-engine snapshot of the official menu page. The live page now shows the fall cocktail menu with no prices. Same group and price list as Bill's Bar. ~0.82 mi.
Waypoint,Harvard Inman,1.21,Lone Pine Portland Ale (draft),8,,https://www.waypointharvard.com/,unknown,"Gentian Forecast (Salers, Sazerac rye, absinthe)",14,https://www.waypointharvard.com/,unknown,"Site retrieved 2026-10 shows dinner hours, and the wine list suggests a 2025-26 menu. There were earlier closure rumors; worth verifying it is open."
Alibi Bar & Lounge,Beacon Hill,1.21,Coors Light,9,,https://www.alibiboston.com/menus/,unknown,Folsom,14,https://www.alibiboston.com/menus/,unknown,"Prices from Alibi's own menu page (Liberty Hotel, undated). Several beers tie at $9 (Corona, Coors Light, Michelob Ultra, Stella, Sam Adams, Guinness); serving format not stated. Upscale hotel bar."
Bistro du Midi,Back Bay / Public Garden,1.33,Kronenbourg 1664 (bottle),9,,https://www.bistrodumidi.com/s/Bistro-du-Midi-Wine-List-ver-09212026.pdf,2026-09,Air France,18,https://www.bistrodumidi.com/s/Bistro-du-Midi-Wine-List-ver-09212026.pdf,2026-09,From the venue's beverage list PDF (version 09/21/2026). Upscale French spot facing the Public Garden; downstairs bistro bar serves the same list.
Lolita Cocina & Tequila Bar (Back Bay),Southend Copley,1.0,Tecate (can) / any beer,9,,https://www.lolitamexican.com/lolita-back-bay-menu/,unknown,Bloody Maria,14,https://www.lolitamexican.com/lolita-back-bay-menu/,unknown,"Right on the 1.0 mi line (computed 1.00 mi from a Census-interpolated geocode), so it may be just inside or just outside. All beers $9; house margarita $16."
Miracle of Science Bar + Grill,Central,0.35,"Any draft (e.g., Von Trapp Helles)",9,,https://www.miracleofscience.us/,2026-10,,,,,"Live official site (accessed 2026-10): all drafts are $9, pour size not stated. Package beers (Budweiser, High Life, Modelito) are listed without prices and cocktail prices are not online. Between MIT and Central (0.35 mi), so it may overlap with the Kendall/MIT agent."
Piattini,Back Bay,0.89,Corona (bottle),9,12,https://www.piattini.com/menu/drinks/,unknown,"Signature cocktails (e.g. Piattini Lemonade, Passionfruit Margarita)",17,https://www.piattini.com/menu/drinks/,unknown,"Italian wine cafe. Official drinks page, checked 2026-10. Most beers are $9 (Coors Light, Sam Adams, etc.) and pour sizes aren't stated. Corona is assumed to be the standard 12 oz bottle. About 0.89 mi."
SRV,South End,1.4,Von Trapp Helles Lager,9,,https://www.srvboston.com/menu,unknown,Blue Seas (vodka),15,https://www.srvboston.com/menu,unknown,"Prices from SRV's own menu page (undated). Castle Island 'Fiver' is also $9. Excluded cheaper Vermouth of the Day ($12), Erbaria Spritz ($14) and Caffe Corretto ($9) as not spirit-based mixed drinks. Upscale Venetian spot."
Sumiao Hunan Kitchen,Kendall,0.6,"Snow Beer (also Asahi Super Dry, same price)",9,,https://www.sumiaohunan.com/,2026-10,"Common Speech (blanco tequila, mandarin, earl grey, Italicus, lime)",14,https://www.sumiaohunan.com/,2026-10,"Live menu on the official site, read Oct 2026. Red Ruby (baijiu and rum) is also $14. Cheapest draft is Jack's Abby or Night Shift at $10. A July 2026 post marks its 9th anniversary, so it is open despite one stale 'closed' mention."
The Black Sheep Lounge & Bar (Kendall Hotel),Kendall,0.45,Miller High Life / Modelo Especial / Sam Adams Light,9,,https://www.opentable.com/r/the-black-sheep-lounge-and-bar-at-the-kendall-hotel-cambridge,unknown,Spanish Gin & Tonic,16,https://www.opentable.com/r/the-black-sheep-lounge-and-bar-at-the-kendall-hotel-cambridge,unknown,"Prices come from the OpenTable menu listing via search snippet; the page itself timed out. The hotel site lists the same drinks without prices, and its beer list now shows Michelob Ultra instead of Sam Adams Light. Open Tue-Sat 4:30-9:30pm."
Urban Hearth,Inman Sq,1.03,Oxbow Farmhouse Ale (draft),9,,https://www.urbanhearth.net/menus/beer-cider,2026-06,Wee Daiquiri (small-format cocktail),10,https://www.urbanhearth.net/menus/spirits-cocktails,2026-06,"Relocated to Inman Sq and opened June 20, 2026; prices from its current site (undated, so dated to opening). The $10 drink is a small-format (reduced pour) cocktail; full cocktails are $18. Lamplighter, Dorchester Punchbowl and Ommegang also $9; pour sizes not stated."
Fallow Kin,Central,0.4,Brick & Feather German Pilsner,10,,https://www.fallowkin.com/s/Beverage-Menu-5yh8.pdf,2026-08,This Side of Where We Are (Evan Williams bonded whiskey sour),16,https://www.fallowkin.com/s/Beverage-Menu-5yh8.pdf,2026-08,Official beverage PDF; the date is inferred from its upload timestamp (about Aug 2026). Pour size not stated. Upscale farm-to-table spot that opened in 2025 in the former Craigie on Main space. 0.40 mi.
Row 34 Cambridge,Kendall,0.41,Stoneface American Porter (draft),10,16,https://media-cdn.getbento.com/accounts/0458dfcde69e52599298b5a6f7714c1d/media/6kTIV6yMQC2PxRCxZ2GP_CAMB_Cocktails_8_21_26.pdf,2026-08,"Tropical Fizz (St. George citrus vodka, pineapple, coconut, soda)",14,https://media-cdn.getbento.com/accounts/0458dfcde69e52599298b5a6f7714c1d/media/6kTIV6yMQC2PxRCxZ2GP_CAMB_Cocktails_8_21_26.pdf,2026-08,Menu dated 8/21/26. Prices were matched to items by position in the PDF text; the cheapest draft is $10 and the cheapest cocktail $14. A separate happy hour menu exists and was excluded.
Row 34 Kenmore Square,Fenway,0.74,Fox Farm Rove Saison (draft),10,8,https://media-cdn.getbento.com/accounts/0458dfcde69e52599298b5a6f7714c1d/media/H7IcpyVJRa5qCkaNGHM5_KENMORE_BEV_10_02_26.pdf,2026-10,"Tropical Fizz (citrus vodka, pineapple, coconut, soda)",15,https://media-cdn.getbento.com/accounts/0458dfcde69e52599298b5a6f7714c1d/media/H7IcpyVJRa5qCkaNGHM5_KENMORE_BEV_10_02_26.pdf,2026-10,Opened 2025 in the former Island Creek Oyster Bar space. Beverage menu dated 10/02/26. Better value: Lawson's Scrag Mountain Pilsner 16oz $11. Price-to-item mapping read from PDF layout; high confidence. Has a separate happy hour menu (not used). ~0.74 mi.
Bronwyn,Union Sq,1.42,Weihenstephaner Festbier (draft pint),11,16,https://bronwynrestaurant.com/menus/Dinner.pdf,2026-09,"Elo-Quince (gin, quince liqueur, lemon, bitters)",15,https://bronwynrestaurant.com/menus/Dinner.pdf,2026-09,"Seasonal Oktoberfest menu (Sept 10 - Oct 31, 2026); prices may change after Oct 31. 'Pint' assumed 16 oz. Mystery Beer can also $11; most cocktails $15."
Fool's Errand,Fenway,1.12,These Days Pilsner,12,,https://www.foolserrandboston.com/winebeer,unknown,Pandan Daiquiri,16,https://www.foolserrandboston.com/cocktails,unknown,"From the venue's own site (undated). All beers and ciders are $12. The $14 'highballs' are vermouth, amaro or sake with soda, not spirit-based, so the $16 'classic with a twist' tier is used. Upscale standing-room cocktail bar."
Mistral,Bay Village,1.3,Victory Prima Pils,12,,https://mistralbistro.com/wp-content/uploads/2026/09/Mistral-Cocktail-BTG-Spirits-CJ.pdf,2026-09,One More Thyme,19,https://mistralbistro.com/wp-content/uploads/2026/09/Mistral-Cocktail-BTG-Spirits-CJ.pdf,2026-09,From Mistral's cocktail/BTG PDF (uploaded Sept 2026). Upscale French bistro; beer serving format not stated. Cheapest cocktail is mezcal-based One More Thyme.
Alice & Monarch,Kendall,0.33,,,,,,,,,,"Opened May 8, 2026. Alice is an Italian taverna upstairs; Monarch is a dessert and cocktail speakeasy downstairs. Menu prices are not published in text, and the site blocks scripted fetches. A June 2026 Boston Globe review says wines by the glass are mostly under $10. Local draft beers are offered."
Area Four (Technology Square),Kendall,0.31,,,,,,"Fear the Force (bourbon, Campari, Montenegro, lemon) / Passion Is the New Fashion (tequila)",11,https://www.areafour.com/menu/beverages-1/,unknown,"The cocktail page is undated and doesn't say which location it covers. The rotating beer list is on Untappd without prices; a search snippet mentioned Allagash White bottles at $8, but its source couldn't be confirmed. Open daily 11am-10pm."
Audubon,Fenway,0.96,,,,,,,,,,"Open per Yelp (updated Sept 2026). Official site has an expired SSL cert and the Toast page is blocked. Old Time Out listing says cocktails are $8-10, but that is too old to use. ~0.96 mi, close to the cutoff."
Basho Japanese Brasserie,Fenway Longwood Brookline,1.06,,,,,,,,,,Sushi/robata with full bar; no priced drink menu found (website blocked).
Bisuteki Tokyo Japanese Steak House,Allston Buwest,1.1,,,,,,,,,,"Hibachi steakhouse in the Courtyard Marriott on Memorial Dr (Cambridge side, west of the BU Bridge); 1.10 mi. Listings say it serves beer, wine and cocktails; online menus omit drinks."
Bleacher Bar,Fenway,0.86,,,,,,,,,,"Open (Yelp Sept 2026). Official menu lists drinks without prices. A search snippet said Labatt Blue/Bud Light $6, but it looked like a special and couldn't be verified, so not used. ~0.84 mi."
Boston Burger Company (Boylston),Back Bay,0.89,,,,,,,,,,"Has a full bar and the official site confirms it's open in 2026. Toast and delivery pages list only non-alcoholic drinks and the Toast page blocked fetching. An Untappd user mentioned a $3 PBR, but it's undated and probably a special, so it wasn't used. About 0.89 mi."
Cantab Lounge,Central,0.77,,,,,,,,,,"Cash-only dive bar, still open (reviews into Dec 2025). Search snippets mention a '$5 draft' from an undated review, but I couldn't verify the source, so it is left null. Known as one of the cheapest bars in Central. 0.77 mi."
Champions (Boston Marriott Copley Place),Southend Copley,1.11,,,,,,,,,,"Hotel sports bar, 36 drafts in 16 and 23oz. A review mentions about $9 for a 12oz pour, which is too vague to use. 1.11 mi."
Cheeky Monkey Brewing Co.,Fenway,0.82,,,,,,,,,,Open (Lucky Strike/Bowlero location page lists current hours). Brewpub with house beers. No published drink prices found. ~0.82 mi.
Cheers Beacon Hill,Downtown,1.16,,,,,,,,,,1.16 mi. The official menu lists drafts and cocktails with no prices. A review mentions drafts at about $10. A souvenir mug costs $14 extra.
Cloud & Spirits,Central,0.35,,,,,,,,,,"Korean-inspired cocktail bar/restaurant (former Cuchi Cuchi space), open Wed-Sat evenings. The official drinks page lists Narragansett, Miller High Life and others, plus soju, but shows no prices. 0.35 mi."
Cornwall's,Fenway,0.68,,,,,,,,,,"Open (website lists hours Mon-Sat 11:30am-2am). No current drink prices found. Toast ordering page blocked, BeerMenus inactive. Old reviews cite ~$4.95 pints (likely 2010s, not used). Some sources say 654 Beacon; the official site says 644. ~0.68 mi."
Courtside Restaurant & Pub,East Cambridge Somerville,1.05,,,,,,,,,,"Sports pub and karaoke bar in East Cambridge, about 1.05 mi (near the 1.0 mi edge). Only old aggregator menus (allmenus, zmenu) exist, with no current drink prices."
DX Arcade,Central,0.62,,,,,,,,,,Two-story arcade that opened in 2025 and serves beer and cocktails to guests 21+. No drink prices found online. 0.62 mi.
Darling,Central,0.51,,,,,,,,,,"Cocktail and dim sum bar that opened July 2025 in the former Mary Chung space. The cocktail list changes daily; a blog says drinks run '$17 and up', with no specific item price. Beer service is unclear. Not budget. 0.51 mi."
Douzo,Southend Copley,1.25,,,,,,,,,,"Sushi restaurant with a full bar, open per its official site. The drink menu sits behind a ChowNow link, so no prices were found. 1.25 mi."
Eastern Standard,Fenway,0.8,,,,,,"Monte Paloma (amaro Montenegro, apricot, grapefruit soda, lime)",15,https://media-cdn.getbento.com/accounts/e34bb88b91e87e5658580bcbae1e77bd/media/ZAKsdEFhT065DE4E5WUq_ESK%20Cocktail%20Menu%207.8.26%20for%20website.pdf,2026-07,"Reopened 2023 at Fenway Center (775 Beacon), not the old 528 Comm Ave space. Solar Flare is also $15. Cheapest cocktail on a liquor base: Standard Marg $16. Beer list not published online. ~0.80 mi."
El Potro Mexican Bar & Grill,East Cambridge Somerville,1.43,,,,,,House Margarita,12.5,https://elpotromexicangrill.com/wp-content/uploads/2024/05/ElPotro-Menu-0524.pdf,2024-05,"Margarita price comes from a search-engine excerpt of the May 2024 menu PDF, which would not open directly (SSL error), so it is unverified. A $4.40 imported beer price also appeared but could not be confirmed, so beer is null."
Eventide Fenway,Fenway Longwood Brookline,1.05,,,,,,,,,,Fast-casual oyster/lobster roll spot with drafts and cocktails; website lists drinks without prices and Toast ordering page was not accessible.
Fuji at Kendall,Kendall,0.64,,,,,,"Kendall Squared (vodka, lime, St. Elderflower, cucumber)",13.5,https://www.fujiatkendall.com/menu/signature-drinks/,unknown,"The cocktail price comes from a search snippet of the official signature-drinks page, which now returns 404, so it may be outdated. No beer prices found. Yelp listing updated Sep 2026, so it is open."
Fuller's BU Pub,Fenway,0.77,,,,,,,,,,"BU Dining pub, 21+ with physical ID, open to the public. Serves beer only (15+ taps). Weekday daytime hours (closed weekends). BU's beer menu page has no prices. ~0.77 mi."
Game On!,Fenway,0.88,,,,,,,,,,Open in 2026 (hosted Opening Day and Aug 2026 events). Menu page lists drinks without prices. Blazing Paddles ping-pong bar is downstairs in the same building. ~0.88 mi.
Gato Exotico,East Cambridge (CambridgeSide),1.03,,,,,,Espolon Blanco Margarita,13,https://heyzine.com/flip-book/87133cd40d.html,2026-06,"Northern Mexican restaurant and tequila bar at CambridgeSide. The $13 margarita comes from the tequila list flipbook (PDF created June 2026) embedded on gatoexotico.com/menu, where the 'm.' column is the price as a margarita; Cazadores and Peleton margaritas are also $13. On the dinner menu (August 2026) the cheapest cocktail is Sandia Roja at $15 and the house Gato Margarita is $16. No beer prices are listed, and the site says its menu is a 'sample' and prices may differ in house."
Glass House,Kendall,0.7,,,,,,"Farmers Market Mule (Tito's, strawberry, ginger beer, mint)",15,https://www.glasshousecambridge.com/menus/,2026-10,"Official menu lists drafts and cans (Bud Light, Michelob Ultra, Modelo, etc.) without prices. White Sangria is $14 but wine-based."
Harvard Gardens,Downtown,1.27,,,,,,,,,,1.27 mi. The official menu lists beers and cocktails without prices (wine is $13-15 a glass).
Hong Kong Restaurant (The Kong),Harvard Inman,1.47,,,,,,,,,,"Open in 2026; upstairs bar Thu-Sat 8pm-2am. Famous student scorpion-bowl spot. The official drinks list (Scorpion Bowl, Mai Tai, Miller High Life 12oz, etc.) gives no prices."
India Pavilion,Central,0.72,,,,,,,,,,"Indian restaurant (since 1979) serving beer and wine. An old undated review cites Kingfisher at $3.50 small and $5.95 large, almost certainly outdated, so left null. 0.72 mi."
Jacque's Cabaret,Southend Copley,1.49,,,,,,,,,,"Bay Village drag cabaret, cash only, $7-10 cover. Reviews vary widely ($7 cocktails vs. complaints about pricey well vodka); there is no menu and review dates are unknown, so no price recorded. 1.49 mi."
Jaho Coffee Roaster & Wine Bar,Central,0.48,,,,,,,,,,"Café and wine bar, open until midnight. I couldn't confirm beer or liquor service and found no drink prices online. Low priority for a cheap-drinks map. 0.48 mi."
Juliet,East Cambridge Somerville,1.43,,,,,,,,,,"Confirmed open in 2026 (9am-9pm, closed Tue). The online menus list food only, and the Toast page is behind a bot check, so no drink prices were found."
Kings Dining & Entertainment (Back Bay),Back Bay,0.96,,,,,,,,,,"Bowling, food and full bar. The official menu page's drinks section didn't load any prices. The only prices found ($2.95 Bud Light pint) come from a very old Scribd menu, so they weren't used. About 0.97 mi, right at the 1-mile edge."
Krasi,Back Bay,0.87,,,,,,,,,,"Greek meze and wine bar (replaced Cafe Jaffa). Serves Greek beers and spirits, but no beer or cocktail prices were found online. A review mentions house wine around $16/glass. About 0.92 mi."
Lamplighter Brewing Co. - Broadway Taproom,Kendall,0.6,,,,,,,,,,"Brewery taproom, beer only. The 'On Tap at Broadway' page shows $15.20-$20.20, which appear to be to-go 4-pack prices, not pours, so they are excluded. No pour prices found. Sits between Kendall and Central; may overlap with the Central Square agent's area."
Lamplighter Brewing Co. CX,East Cambridge Somerville,1.19,,,,,,,,,,"Brewery taproom. No draft prices are published online; the website's on-tap prices ($15.20+) are for 4-pack cans, not pours. Coordinates are approximate."
Locke Bar & Restaurant,Kendall,0.62,,,,,,,,,,"Official drink menu lists beers (incl. 'Usual Suspects': Miller Lite, High Life, Gansett, Modelo, etc.) and cocktails (Kendall Lemonade, Paper Plane...) but prices only for straight spirits (cheapest Dewar's $9.50). No beer/cocktail prices found."
M.J. O'Connor's (Park Plaza),Downtown,1.38,,,,,,Spicy Pineapple Margarita,14,https://www.mjoconnors.com/back-bay-menus/,2026-10,"1.38 mi. The official menu lists beers with no prices. A $13 'Go Blue' cocktail is on a game-day specials menu, so it is excluded."
MIDA Fenway,Fenway Longwood Brookline,1.14,,,,,,,,,,Italian restaurant with full bar; no priced drink menu found.
Mamaleh's Delicatessen,Kendall,0.53,,,,,,Bourbon Vanilla Milkshake (21+),16.5,http://mamalehs.com/wp-content/uploads/2025/03/CAMBRIDGE_MENU.pdf,2025-03,"Deli open 8am-8pm. The March 2025 menu PDF lists only boozy milkshakes ($16.50). The website also shows $9 drinks (Salted Averna, sherry egg cream), but those are amaro or wine-based. Beer list and prices not found. A boozy milkshake is a stretch as a 'mixed drink'."
ManRay,Central,0.69,,,,,,,,,,"Nightclub that reopened in 2023 in the former ImprovBoston space. Reviews mention High Noon/Truly seltzers at $8 and an $8 'vampire' vodka drink special, but no regular menu prices, so both fields are null. Cover charge $5-15. 0.69 mi."
PURO ceviche bar,Back Bay,0.86,,,,,,Pisco Sour,16,https://www.purocevichebar.com/items/pisco-sour-2,unknown,"Price is from the official item page via search snippet; the site blocked direct fetch. The pisco sour may not be the cheapest cocktail. A search snippet showed $3-5 beers (Corona, Modelo), but those look like happy-hour prices and couldn't be confirmed, so beer is null. Listing shows it open as of 2026. About 0.85 mi."
Paradise Rock Club,Allston Buwest,1.43,,,,,,,,,,"Music venue with bars; usually needs a show ticket; 1.44 mi. Reviews give beer at about $7-8 but no itemized dated source, so the price is left null."
Pho Basil,Back Bay,0.95,,,,,,,,,,"Vietnamese/Thai restaurant near Berklee with a beer and wine list, but no prices were found. The license type wasn't confirmed. About 0.95 mi, close to the 1-mile edge."
Sonsie,Back Bay,0.83,,,,,,"Signature cocktails (e.g. K Drop, Moby Spritz)",18,https://www.sonsieboston.com/menus,unknown,"Official menus page, checked 2026-10, lists no beers. An older 'Marathon Cocktails' page showed $14-15 cocktails, but those look seasonal or out of date. The cheapest alcoholic drink is a glass of La Marca Prosecco at $13. About 0.86 mi."
The Bullpen Kitchen + Tap,Fenway,0.96,,,,,,,,,,"Patio entrance at 110 Brookline Ave. Menu is posted only as images, so no prices could be read. Yelp updated July 2026. ~0.96 mi, close to the cutoff."
The Capital Grille,Back Bay,0.92,,,,,,,,,,"Upscale steakhouse with a full bar. Online menus list cocktails (Stoli Doli, etc.) but no prices. Not a budget option. About 0.94 mi."
The Druid,Inman Sq,1.06,,,,,,Druid Bloody Mary (brunch),8,http://places.singleplatform.com/druid-restaurant/menu,unknown,Only sourced drink price is the Bloody Mary in the Sunday brunch section of an undated (likely old) SinglePlatform menu; no beer prices found online and druidpub.com showed no usable menu. Verify in person; still operating per 2026 Yelp listings.
The Mad Monkfish (formerly Thelonious Monkfish),Central,0.56,,,,,,,,,,"Sushi/Thai restaurant with a full bar and jazz. The official Sept 2026 lunch menu PDF has no drink prices, and I couldn't find a drinks list. 0.56 mi."
The Plough and Stars,Mid-Cambridge / Riverside,1.0,,,,,,Plough Bloody Mary (Tito's),11,https://www.ploughandstars.com/menus,unknown,"Only drink prices published are the weekend brunch cocktails, all $11 (Bloody Mary, Irish Coffee, Bourbon Cider); these are regular brunch prices, not happy hour. Website lists no beer prices (only a weekday burger+beer special, excluded). Distance is right at the 1.0 mi edge (1.003)."
The Salty Pig,South End / Back Bay,1.27,,,,,,Whiskey Blues,15,https://www.thesaltypig.com/,unknown,Cocktail price from the venue's own site menu (undated). Aperol Spritz is $14 but is prosecco-based so not counted. The site lists no alcoholic beer prices (only $8 N/A beers) even though they have taps.
The Sevens Ale House,Downtown,1.17,,,,,,,,,,1.17 mi. Classic Beacon Hill pub; no online drink prices found.
Theory Bar & Lounge (Residence Inn Boston Cambridge),Kendall,0.56,,,,,,,,,,Hotel bar with local craft beer and cocktails; Yelp listing updated May 2026. No published prices found (theoryloungebar.com is an unrelated NYC venue).
Thirsty Ear Pub,Kendall,0.24,,,,,,,,,,"Student-run grad pub, open Tue and Thu 7-10pm per official site. MIT-affiliates and accompanied guests only. No published prices; reviews only say beer is very cheap. An older Yelp listing is marked closed, but the official site and a June 2025 Ashdown document show it operating."
Time Out Market Boston (bars),Fenway Longwood Brookline,1.08,,,,,,,,,,"Food hall with two bars (local drafts, cocktails); no prices published online."
Trident Booksellers & Cafe,Back Bay,0.83,,,,,,,,,,"Bookstore cafe with beer, wine and a bar. The official site says the cocktail/beer/wine menus are only available in person, and the Toast page blocked fetching. Open per Yelp, Sept 2026. About 0.86 mi."
Trillium Fenway,Fenway Longwood Brookline,1.08,,,,,,,,,,"Brewery taproom/beer garden; draft prices only on Toast (blocked). Untappd lists to-go bottles from $6.05 (330ml) but that is retail, not an on-premise pour. Beer and wine only, so no mixed drinks expected."
Uptown Social,Southend Copley,1.47,,,,,,,,,,Opened April 2026 in the former Darryl's Corner Bar space. Cocktail bar; the menu page and Toast ordering page show no real drink prices. Open Thu-Sun. 1.47 mi.
Wally's Cafe Jazz Club,Southend Copley,1.33,,,,,,Well drink (per reviews),9,https://www.tripadvisor.com/Attraction_Review-g60745-d290589-Reviews-Wally_s_Cafe_Jazz_Club-Boston_Massachusetts.html,unknown,"No menu online. Reviews mention $5 beers (old) and a more recent $9 beer, plus $9 well drinks; review dates are unclear. Live jazz nightly, no cover, may have a drink minimum. 1.33 mi."
Yard House,Fenway Longwood Brookline,1.01,,,,,,,,,,Chain beer hall with 100+ taps; no current priced menu found online (Untappd lists beers without prices). Older reports of ~$6-8 pints are outdated.
nathálie,Fenway Longwood Brookline,1.12,,,,,,,,,,Natural wine bar; no priced menu online. Mainly wine; cocktail availability uncertain.
